{
    "model": "cnn",
    "scheduler": "plateau",
    "label_smoothing": 0.0,
    "augdata": true,
    "train_losses": [
        3.646001051613621,
        3.214520530755347,
        3.1512979393374607,
        3.1357019471933962,
        3.144975933087225,
        3.1642871600105527,
        3.1535238782743145,
        3.146472182428831,
        3.140936204510821,
        3.137540826130692
    ],
    "val_losses": [
        3.2014067298006217,
        3.0303512994590625,
        2.975385154299724,
        2.980565880265687,
        2.9930652898290884,
        3.02915357262887,
        2.999248872632566,
        3.0016795774859846,
        2.99959854518666,
        2.9845596981780305
    ],
    "perplexities": [
        24.567065123382186,
        20.704504793288105,
        19.59716973040702,
        19.69896074449181,
        19.94673139033355,
        20.679721297283155,
        20.070455791349534,
        20.119300485119805,
        20.07747510604726,
        19.77779212106579
    ],
    "lr_history": [
        [
            1,
            0.0002
        ],
        [
            2,
            0.0004
        ],
        [
            3,
            0.0006000000000000001
        ],
        [
            4,
            0.0008
        ],
        [
            5,
            0.001
        ],
        [
            6,
            0.001
        ],
        [
            7,
            0.001
        ],
        [
            8,
            0.001
        ],
        [
            9,
            0.001
        ],
        [
            10,
            0.001
        ]
    ],
    "bleu1_scores": [
        [
            1,
            0.49133726506540415
        ],
        [
            2,
            0.5235605327624184
        ],
        [
            3,
            0.5497570358571328
        ],
        [
            4,
            0.5517407718120806
        ],
        [
            5,
            0.5390845143918679
        ],
        [
            6,
            0.5494541983148632
        ],
        [
            7,
            0.5632352019389482
        ],
        [
            8,
            0.5402835238524735
        ],
        [
            9,
            0.552784329812327
        ],
        [
            10,
            0.558397754174261
        ]
    ],
    "bleu4_scores": [
        [
            1,
            0.07569363624615981
        ],
        [
            2,
            0.11570178194776552
        ],
        [
            3,
            0.13244325308125876
        ],
        [
            4,
            0.13449324522322345
        ],
        [
            5,
            0.1334852309261052
        ],
        [
            6,
            0.12484611613586305
        ],
        [
            7,
            0.13916150984981263
        ],
        [
            8,
            0.12898399287845871
        ],
        [
            9,
            0.1369234951298299
        ],
        [
            10,
            0.14240648549217777
        ]
    ],
    "meteor_scores": [
        [
            1,
            0.26892222156774714
        ],
        [
            2,
            0.2991355960055588
        ],
        [
            3,
            0.31379877043221915
        ],
        [
            4,
            0.31325376191400334
        ],
        [
            5,
            0.3098158878555857
        ],
        [
            6,
            0.3100375435650055
        ],
        [
            7,
            0.32566867092279794
        ],
        [
            8,
            0.3203571216357781
        ],
        [
            9,
            0.31945860929730824
        ],
        [
            10,
            0.32492104048870746
        ]
    ],
    "cider_scores": [
        [
            1,
            0.023729912279079227
        ],
        [
            2,
            0.043646620416883414
        ],
        [
            3,
            0.052695346671393646
        ],
        [
            4,
            0.05526114660147648
        ],
        [
            5,
            0.053640264381238374
        ],
        [
            6,
            0.052453430444435775
        ],
        [
            7,
            0.06013985830925057
        ],
        [
            8,
            0.05604519797342109
        ],
        [
            9,
            0.05722780806143255
        ],
        [
            10,
            0.05887986002787198
        ]
    ],
    "best_val_loss": 2.975385154299724,
    "best_bleu4": 0.14240648549217777,
    "best_meteor": 0.32566867092279794,
    "best_cider": 0.06013985830925057,
    "config": {
        "train_captions_file": "data/coco/annotations/captions_train2017.json",
        "val_captions_file": "data/coco/annotations/captions_val2017.json",
        "train_images_dir": "data/coco/train2017",
        "val_images_dir": "data/coco/val2017",
        "vocab_path": "data/coco_vocab.pkl",
        "checkpoint_dir": "checkpoints/cnn/plateau/aug",
        "log_dir": "logs/cnn/plateau/aug",
        "results_dir": "results",
        "embedding_dim": 256,
        "hidden_dim": 1024,
        "feature_dim": 512,
        "attention_dim": 256,
        "dropout": 0.5,
        "num_epochs": 300,
        "batch_size": 32,
        "num_workers": 4,
        "learning_rate": 0.001,
        "weight_decay": 0.0001,
        "warmup_epochs": 5,
        "plateau_patience": 3,
        "plateau_factor": 0.5,
        "lr_min": 1e-05,
        "cosine_T0": 10,
        "cosine_T_mult": 2,
        "max_no_improve_cycles": 3,
        "patience": 7,
        "attention_lambda": 0.0,
        "image_size": 224,
        "freq_threshold": 5,
        "random_seed": 42,
        "save_every": 5,
        "max_caption_length": 20,
        "generation_method": "beam_search",
        "beam_width": 5,
        "bleu_every": 1,
        "bleu_num_samples": 5000,
        "model": "cnn",
        "augdata": true
    }
}