{
    "model": "resnet",
    "scheduler": "plateau",
    "label_smoothing": 0.0,
    "augdata": true,
    "train_losses": [
        3.6696928598956444,
        3.308833963222645,
        3.3033700184767163,
        3.323544581172491,
        3.355605637898912,
        3.391191653548327,
        3.3836158371755536,
        3.377954570610089,
        3.375470331178918
    ],
    "val_losses": [
        2.882700523147193,
        2.7637896184116375,
        2.774686470056129,
        2.7879195615763552,
        2.8104287465210156,
        2.846497168321439,
        2.8343184415031883,
        2.8351177507654177,
        2.8286093418555494
    ],
    "perplexities": [
        17.86244605338815,
        15.85983191986092,
        16.03359919405832,
        16.247183352145953,
        16.617041190302874,
        17.22733158602725,
        17.018797040966543,
        17.032405761136886,
        16.921911859509077
    ],
    "lr_history": [
        [
            1,
            0.0002
        ],
        [
            2,
            0.0004
        ],
        [
            3,
            0.0006000000000000001
        ],
        [
            4,
            0.0008
        ],
        [
            5,
            0.001
        ],
        [
            6,
            0.001
        ],
        [
            7,
            0.001
        ],
        [
            8,
            0.001
        ],
        [
            9,
            0.001
        ]
    ],
    "bleu1_scores": [
        [
            1,
            0.39364325677267376
        ],
        [
            2,
            0.5285269300528349
        ],
        [
            3,
            0.5312295715219587
        ],
        [
            4,
            0.566839378238342
        ],
        [
            5,
            0.44723186250206576
        ],
        [
            6,
            0.4531721566792014
        ],
        [
            7,
            0.4665547873989894
        ],
        [
            8,
            0.5720190914514617
        ],
        [
            9,
            0.4612195509005792
        ]
    ],
    "bleu4_scores": [
        [
            1,
            0.04218151807997543
        ],
        [
            2,
            0.12106159370852779
        ],
        [
            3,
            0.11893463736584148
        ],
        [
            4,
            0.14538280245130675
        ],
        [
            5,
            0.10611542428516
        ],
        [
            6,
            0.10973909224342787
        ],
        [
            7,
            0.11380786403815633
        ],
        [
            8,
            0.14267351470470235
        ],
        [
            9,
            0.08522560655372641
        ]
    ],
    "meteor_scores": [
        [
            1,
            0.22791301987218898
        ],
        [
            2,
            0.3140474151289552
        ],
        [
            3,
            0.31007215836899443
        ],
        [
            4,
            0.3302197568382919
        ],
        [
            5,
            0.30181163433719055
        ],
        [
            6,
            0.30077639695546327
        ],
        [
            7,
            0.3043990766780177
        ],
        [
            8,
            0.3257389962612167
        ],
        [
            9,
            0.25752096928130064
        ]
    ],
    "cider_scores": [
        [
            1,
            0.034126601812437284
        ],
        [
            2,
            0.05471680910804672
        ],
        [
            3,
            0.0544748574416815
        ],
        [
            4,
            0.06089478370102357
        ],
        [
            5,
            0.06429397090948882
        ],
        [
            6,
            0.061355463073517066
        ],
        [
            7,
            0.059300405338227176
        ],
        [
            8,
            0.0593876854895424
        ],
        [
            9,
            0.05679421103886904
        ]
    ],
    "best_val_loss": 2.7637896184116375,
    "best_bleu4": 0.14538280245130675,
    "best_meteor": 0.3302197568382919,
    "best_cider": 0.06429397090948882,
    "config": {
        "train_captions_file": "data/coco/annotations/captions_train2017.json",
        "val_captions_file": "data/coco/annotations/captions_val2017.json",
        "train_images_dir": "data/coco/train2017",
        "val_images_dir": "data/coco/val2017",
        "vocab_path": "data/coco_vocab.pkl",
        "checkpoint_dir": "checkpoints/resnet/plateau/aug",
        "log_dir": "logs/resnet/plateau/aug",
        "results_dir": "results",
        "embedding_dim": 256,
        "hidden_dim": 1024,
        "feature_dim": 512,
        "attention_dim": 256,
        "dropout": 0.5,
        "num_epochs": 300,
        "batch_size": 32,
        "num_workers": 4,
        "learning_rate": 0.001,
        "weight_decay": 0.0001,
        "warmup_epochs": 5,
        "plateau_patience": 3,
        "plateau_factor": 0.5,
        "lr_min": 1e-05,
        "cosine_T0": 10,
        "cosine_T_mult": 2,
        "max_no_improve_cycles": 3,
        "patience": 7,
        "attention_lambda": 1.0,
        "image_size": 224,
        "freq_threshold": 5,
        "random_seed": 42,
        "save_every": 5,
        "max_caption_length": 20,
        "generation_method": "beam_search",
        "beam_width": 5,
        "bleu_every": 1,
        "bleu_num_samples": 5000,
        "model": "resnet",
        "grid_size": 14,
        "augdata": true
    }
}