{
    "model": "resnet",
    "scheduler": "plateau",
    "label_smoothing": 0.0,
    "augdata": true,
    "train_losses": [
        3.6654763959699923,
        3.2972682054179603,
        3.296354866360455,
        3.319250924033007,
        3.352587897053135,
        3.3868470903227563,
        3.378319338788364,
        3.371647393446258,
        3.3684276639625534,
        3.3652579637033533,
        3.3618223049729226,
        3.3609751729357207,
        3.3586834459418777,
        3.3578457369629304,
        3.356939430138319,
        3.3565208884048237,
        3.355725584735106
    ],
    "val_losses": [
        2.8666537155580643,
        2.7444171932957055,
        2.7538247108459473,
        2.782788542835304,
        2.808377013182091,
        2.851448286829702,
        2.8296755960835216,
        2.851493340623958,
        2.821467516672276,
        2.824047709365025,
        2.831831015894175,
        2.823014178849242,
        2.8116042659715617,
        2.8174745810916053,
        2.822697954714451,
        2.810326904896885,
        2.820147938740528
    ],
    "perplexities": [
        17.578098356490777,
        15.555545413688517,
        15.70257498746071,
        16.164032257218942,
        16.58298240461933,
        17.312837646939666,
        16.939964542238958,
        17.313617673536445,
        16.80148905440612,
        16.844896108892517,
        16.97651665582869,
        16.82749538836555,
        16.636586331028443,
        16.734535550422954,
        16.822174969462424,
        16.615348970010498,
        16.779332801895382
    ],
    "lr_history": [
        [
            1,
            0.0002
        ],
        [
            2,
            0.0004
        ],
        [
            3,
            0.0006000000000000001
        ],
        [
            4,
            0.0008
        ],
        [
            5,
            0.001
        ],
        [
            6,
            0.001
        ],
        [
            7,
            0.001
        ],
        [
            8,
            0.001
        ],
        [
            9,
            0.001
        ],
        [
            10,
            0.001
        ],
        [
            11,
            0.001
        ],
        [
            12,
            0.001
        ],
        [
            13,
            0.001
        ],
        [
            14,
            0.001
        ],
        [
            15,
            0.001
        ],
        [
            16,
            0.001
        ],
        [
            17,
            0.001
        ]
    ],
    "bleu1_scores": [
        [
            1,
            0.3871392309861803
        ],
        [
            2,
            0.5072307320069236
        ],
        [
            3,
            0.48301815786997837
        ],
        [
            4,
            0.5338200558299334
        ],
        [
            5,
            0.5601276760119543
        ],
        [
            6,
            0.553585528231624
        ],
        [
            7,
            0.36243542665089934
        ],
        [
            8,
            0.5499378109452736
        ],
        [
            9,
            0.46567977096571467
        ],
        [
            10,
            0.5393374741200828
        ],
        [
            11,
            0.5201997203884645
        ],
        [
            12,
            0.5570385681462723
        ],
        [
            13,
            0.28898813607954194
        ],
        [
            14,
            0.5836443788873367
        ],
        [
            15,
            0.4813903630548624
        ],
        [
            16,
            0.588039012994171
        ],
        [
            17,
            0.49065540194572455
        ]
    ],
    "bleu4_scores": [
        [
            1,
            0.04718012952143671
        ],
        [
            2,
            0.12994045571697757
        ],
        [
            3,
            0.09775536721154622
        ],
        [
            4,
            0.11443864922501122
        ],
        [
            5,
            0.14142018604672854
        ],
        [
            6,
            0.12480230589679497
        ],
        [
            7,
            0.051835845019927884
        ],
        [
            8,
            0.12249621276375375
        ],
        [
            9,
            0.10421979469644523
        ],
        [
            10,
            0.12015544077734028
        ],
        [
            11,
            0.09996252429872582
        ],
        [
            12,
            0.1357954398535472
        ],
        [
            13,
            0.04151504740644749
        ],
        [
            14,
            0.13826776863044346
        ],
        [
            15,
            0.10566012632566839
        ],
        [
            16,
            0.1431484311848792
        ],
        [
            17,
            0.11721454836343005
        ]
    ],
    "meteor_scores": [
        [
            1,
            0.21356209734237583
        ],
        [
            2,
            0.32105166281658815
        ],
        [
            3,
            0.29339635714872064
        ],
        [
            4,
            0.29200792173487905
        ],
        [
            5,
            0.3238100924290867
        ],
        [
            6,
            0.2989118242690973
        ],
        [
            7,
            0.23169743115924363
        ],
        [
            8,
            0.3108012743106836
        ],
        [
            9,
            0.2869026092930375
        ],
        [
            10,
            0.304214569210133
        ],
        [
            11,
            0.2813009305157622
        ],
        [
            12,
            0.3054448248559587
        ],
        [
            13,
            0.22283567744487917
        ],
        [
            14,
            0.3156910847861804
        ],
        [
            15,
            0.29928250618786784
        ],
        [
            16,
            0.32083514298334315
        ],
        [
            17,
            0.3002867694900272
        ]
    ],
    "cider_scores": [
        [
            1,
            0.026875997731636642
        ],
        [
            2,
            0.06269716301680066
        ],
        [
            3,
            0.059085641354266374
        ],
        [
            4,
            0.05579420903024589
        ],
        [
            5,
            0.06794171654312034
        ],
        [
            6,
            0.05636945428017259
        ],
        [
            7,
            0.05505384622401672
        ],
        [
            8,
            0.05821125469197408
        ],
        [
            9,
            0.05761403417584048
        ],
        [
            10,
            0.057001957365461736
        ],
        [
            11,
            0.04336537373671443
        ],
        [
            12,
            0.05952221210046263
        ],
        [
            13,
            0.061194260699215484
        ],
        [
            14,
            0.059503833495887684
        ],
        [
            15,
            0.06930525348866769
        ],
        [
            16,
            0.06250607958121238
        ],
        [
            17,
            0.0747736497851244
        ]
    ],
    "best_val_loss": 2.7444171932957055,
    "best_bleu4": 0.1431484311848792,
    "best_meteor": 0.3238100924290867,
    "best_cider": 0.0747736497851244,
    "config": {
        "train_captions_file": "data/coco/annotations/captions_train2017.json",
        "val_captions_file": "data/coco/annotations/captions_val2017.json",
        "train_images_dir": "data/coco/train2017",
        "val_images_dir": "data/coco/val2017",
        "vocab_path": "data/coco_vocab.pkl",
        "checkpoint_dir": "checkpoints/resnet/plateau/aug",
        "log_dir": "logs/resnet/plateau/aug",
        "results_dir": "results",
        "embedding_dim": 256,
        "hidden_dim": 1024,