{
    "model": "densenet",
    "scheduler": "plateau",
    "label_smoothing": 0.0,
    "augdata": false,
    "train_losses": [
        4.5701418734419335,
        3.8602879639669228,
        3.6286947471289843,
        3.482285903516458,
        3.400060023365713,
        3.349676600517451,
        3.299422820843182,
        3.266245177172083,
        3.242577551557743,
        3.2255633254064873,
        3.21162574741044,
        3.200529689496935,
        3.191043894538329,
        3.1831496346669192,
        3.1765496894150758,
        3.1710543398897597,
        3.1658303936053938,
        3.1613466373898036,
        3.1566664732302505,
        3.152986398751666
    ],
    "val_losses": [
        3.6174001425428464,
        3.313819166339572,
        3.109657622359293,
        2.981615658611288,
        2.913759924566654,
        2.88393105600801,
        2.8400279753043525,
        2.817626513178696,
        2.8063657966721087,
        2.800718818784065,
        2.790540278720124,
        2.780793935136722,
        2.778039962434403,
        2.7692328435380746,
        2.7669365302376123,
        2.755629455646895,
        2.75557925329184,
        2.748764096318608,
        2.7531452715549323,
        2.748882724500983
    ],
    "perplexities": [
        37.24062154577624,
        27.48991379596002,
        22.41336925043713,
        19.719651145179395,
        18.425948663022808,
        17.884439909537498,
        17.11624436259362,
        16.737078256490054,
        16.54966395316331,
        16.456471741589716,
        16.289818466981007,
        16.13182348664788,
        16.087458003831657,
        15.946395935449026,
        15.909820025314705,
        15.730939715879995,
        15.730150005481851,
        15.623311039666596,
        15.69190966467409,
        15.625164514592914
    ],
    "lr_history": [
        [
            1,
            4e-05
        ],
        [
            2,
            8e-05
        ],
        [
            3,
            0.00012000000000000002
        ],
        [
            4,
            0.00016
        ],
        [
            5,
            0.0002
        ],
        [
            6,
            0.0002
        ],
        [
            7,
            0.0002
        ],
        [
            8,
            0.0002
        ],
        [
            9,
            0.0002
        ],
        [
            10,
            0.0002
        ],
        [
            11,
            0.0002
        ],
        [
            12,
            0.0002
        ],
        [
            13,
            0.0002
        ],
        [
            14,
            0.0002
        ],
        [
            15,
            0.0002
        ],
        [
            16,
            0.0002
        ],
        [
            17,
            0.0002
        ],
        [
            18,
            0.0002
        ],
        [
            19,
            0.0002
        ],
        [
            20,
            0.0002
        ]
    ],
    "bleu1_scores": [
        [
            1,
            0.5552085033151052
        ],
        [
            2,
            0.5786708075311893
        ],
        [
            3,
            0.6023710334618508
        ],
        [
            4,
            0.6136111218053338
        ],
        [
            5,
            0.62078238581453
        ],
        [
            6,
            0.6287652990043757
        ],
        [
            7,
            0.6345902950212533
        ],
        [
            8,
            0.6332556978872068
        ],
        [
            9,
            0.6403763576660773
        ],
        [
            10,
            0.6428769099341597
        ],
        [
            11,
            0.635294606498795
        ],
        [
            12,
            0.6439272111722387
        ],
        [
            13,
            0.6489368494987549
        ],
        [
            14,
            0.6427022588998126
        ],
        [
            15,
            0.6563014218809333
        ],
        [
            16,
            0.6574794776912934
        ],
        [
            17,
            0.6489390388085706
        ],
        [
            18,
            0.6520707049298461
        ],
        [
            19,
            0.6461715963918607
        ],
        [
            20,
            0.65220778673854
        ]
    ],
    "bleu4_scores": [
        [
            1,
            0.11660387795749214
        ],
        [
            2,
            0.1487276502487301
        ],
        [
            3,
            0.16675781705913323
        ],
        [
            4,
            0.18585699931058128
        ],
        [
            5,
            0.19176820291449034
        ],
        [
            6,
            0.19694503012338235
        ],
        [
            7,
            0.20865825763318607
        ],
        [
            8,
            0.20983211476773492
        ],
        [
            9,
            0.2084341619032607
        ],
        [
            10,
            0.21197027600194795
        ],
        [
            11,
            0.21207427169869902
        ],
        [
            12,
            0.2157933065030868
        ],
        [
            13,
            0.21858794763451375
        ],
        [
            14,
            0.2176246881164011
        ],
        [
            15,
            0.22354947215335572
        ],
        [
            16,
            0.22210295764905214
        ],
        [
            17,
            0.21953858370522303
        ],
        [
            18,
            0.22880145018617723
        ],
        [
            19,
            0.22606851916475343
        ],
        [
            20,
            0.22135655127128073
        ]
    ],
    "meteor_scores": [
        [
            1,
            0.30134603107865776
        ],
        [
            2,
            0.3268035726433754
        ],
        [
            3,
            0.34257388023178587
        ],
        [
            4,
            0.3587860948774936
        ],
        [
            5,
            0.36933437499233207
        ],
        [
            6,
            0.3748249158275627
        ],
        [
            7,
            0.380681298763464
        ],
        [
            8,
            0.38592205004662683
        ],
        [
            9,
            0.38549028969257887
        ],
        [
            10,
            0.3849073822187124
        ],
        [
            11,
            0.384926398224518
        ],
        [
            12,
            0.38771160016120054
        ],
        [
            13,
            0.3912033594160284
        ],
        [
            14,
            0.39222776866237136
        ],
        [
            15,
            0.39773831887902816
        ],
        [
            16,
            0.3965673423101276
        ],
        [
            17,
            0.39871925879929865
        ],
        [
            18,
            0.39885719988159496
        ],
        [
            19,
            0.39962998401682265
        ],
        [
            20,
            0.39757397752865914
        ]
    ],