{
    "model": "densenet",
    "scheduler": "plateau",
    "train_losses": [
        5.313039050238635,
        4.723257230202645,
        4.52211690408004,
        4.394359563121941,
        4.323692382706679,
        4.28325090863168,
        4.246097771452186,
        4.221394689849035,
        4.203251087213681,
        4.190011521385674,
        4.1795773743513065,
        4.171683315820023,
        4.164523097917374,
        4.158546203972102,
        4.15366995069687,
        4.148264483519038,
        4.144698444996221,
        4.141007091886504,
        4.137365771520907,
        4.134788575376382,
        4.131950681582024,
        4.129847934903188,
        4.127164443484355,
        4.125017458833148
    ],
    "val_losses": [
        4.43145266365822,
        4.163795335213546,
        3.976832890144699,
        3.8821898839052986,
        3.822581475653002,
        3.7954608485521866,
        3.766360846017023,
        3.7460998214419234,
        3.7263876538142524,
        3.7165941826217925,
        3.711309934211204,
        3.7072624440693183,
        3.698821346473206,
        3.694587021837454,
        3.691375826935634,
        3.6844686416104016,
        3.6805511499609787,
        3.6782690545786982,
        3.6739665041189364,
        3.674966563958951,
        3.6717014742629304,
        3.668984015884302,
        3.6728322975470893,
        3.6661054935601665
    ],
    "perplexities": [
        84.05342962966269,
        64.31515755154659,
        53.34780802140846,
        48.53037467673742,
        45.722086558742134,
        44.49873886028047,
        43.22248500266944,
        42.355565170187106,
        41.528820405758715,
        41.12409417165468,
        40.90735739221562,
        40.74211989059857,
        40.3996590862849,
        40.22895547684183,
        40.09997965419189,
        39.823956033737495,
        39.66825120384387,
        39.57782768773622,
        39.40790789339528,
        39.44733787234146,
        39.31874881755654,
        39.21204679895477,
        39.36323652334945,
        39.09933634447417
    ],
    "lr_history": [
        [
            1,
            4e-05
        ],
        [
            2,
            8e-05
        ],
        [
            3,
            0.00012000000000000002
        ],
        [
            4,
            0.00016
        ],
        [
            5,
            0.0002
        ],
        [
            6,
            0.0002
        ],
        [
            7,
            0.0002
        ],
        [
            8,
            0.0002
        ],
        [
            9,
            0.0002
        ],
        [
            10,
            0.0002
        ],
        [
            11,
            0.0002
        ],
        [
            12,
            0.0002
        ],
        [
            13,
            0.0002
        ],
        [
            14,
            0.0002
        ],
        [
            15,
            0.0002
        ],
        [
            16,
            0.0002
        ],
        [
            17,
            0.0002
        ],
        [
            18,
            0.0002
        ],
        [
            19,
            0.0002
        ],
        [
            20,
            0.0002
        ],
        [
            21,
            0.0002
        ],
        [
            22,
            0.0002
        ],
        [
            23,
            0.0002
        ],
        [
            24,
            0.0002
        ]
    ],
    "bleu1_scores": [
        [
            1,
            0.5447529166415072
        ],
        [
            2,
            0.5743051086708322
        ],
        [
            3,
            0.6065226149833541
        ],
        [
            4,
            0.6120616564975834
        ],
        [
            5,
            0.6242249124731092
        ],
        [
            6,
            0.6283258721175775
        ],
        [
            7,
            0.6375795018446141
        ],
        [
            8,
            0.6416089404181403
        ],
        [
            9,
            0.6467774898341866
        ],
        [
            10,
            0.6487904774094458
        ],
        [
            11,
            0.6512883846524188
        ],
        [
            12,
            0.6418476893399312
        ],
        [
            13,
            0.6475596744837974
        ],
        [
            14,
            0.6506034282332551
        ],
        [
            15,
            0.6535660154934322
        ],
        [
            16,
            0.6620658854554348
        ],
        [
            17,
            0.653027719896445
        ],
        [
            18,
            0.6472735616838416
        ],
        [
            19,
            0.6649846704138989
        ],
        [
            20,
            0.6513297540267199
        ],
        [
            21,
            0.6513672492673568
        ],
        [
            22,
            0.657167963846347
        ],
        [
            23,
            0.6518995383507687
        ],
        [
            24,
            0.663258678846033
        ]
    ],
    "bleu4_scores": [
        [
            1,
            0.1072721866654939
        ],
        [
            2,
            0.14696639377188805
        ],
        [
            3,
            0.1724805323497499
        ],
        [
            4,
            0.18623938671696794
        ],
        [
            5,
            0.19203431478523209
        ],
        [
            6,
            0.2015160794264027
        ],
        [
            7,
            0.2059285089019576
        ],
        [
            8,
            0.21221260168589123
        ],
        [
            9,
            0.2161061578778089
        ],
        [
            10,
            0.21424018294211317
        ],
        [
            11,
            0.21919790832099562
        ],
        [
            12,
            0.2195732700414019
        ],
        [
            13,
            0.2229269619989375
        ],
        [
            14,
            0.22051092992799745
        ],
        [
            15,
            0.21959140811057032
        ],
        [
            16,
            0.2232208292847211
        ],
        [
            17,
            0.2238879000055578
        ],
        [
            18,
            0.22269556448788935
        ],
        [
            19,
            0.23197990629825904
        ],
        [
            20,
            0.2221852321104461
        ],
        [
            21,
            0.2226714122578873
        ],
        [
            22,
            0.2213859829386571
        ],
        [
            23,
            0.2307764608058452
        ],
        [
            24,
            0.22937198619253304
        ]
    ],