{
    "train_losses": [
        5.687770955702838,
        4.93687331387741,
        4.623790147807771,
        4.392269063573395,
        4.257081642282875,
        4.165505702932813,
        4.098119698593774,
        4.050528027194594,
        4.016515608889834,
        3.9925280429912684,
        3.973901158798112,
        3.959165582194873,
        3.947237164503975,
        3.937057154813852,
        3.9281364873206326,
        3.92181060182182,
        3.913385108680461,
        3.9075105272774877,
        3.9018185398570395,
        3.8974600634360397,
        3.892444512010858,
        3.8887499550222113,
        3.8847029089515184,
        3.881959876799666,
        3.8780381774407355,
        3.8758867360316347,
        3.872680148451386
    ],
    "val_losses": [
        5.066162700653076,
        4.741429672241211,
        4.397115592956543,
        4.229883937835694,
        4.090475187301636,
        4.024001598358154,
        3.955681571960449,
        3.9230805683135985,
        3.8847489547729492,
        3.856334686279297,
        3.86313515663147,
        3.857124433517456,
        3.824224271774292,
        3.8205608463287355,
        3.814551200866699,
        3.807101049423218,
        3.7974537658691405,
        3.802881145477295,
        3.806916284561157,
        3.7941214179992677,
        3.779888458251953,
        3.7848866462707518,
        3.783247127532959,
        3.7684153842926027,
        3.786177272796631,
        3.7746910858154297,
        3.7697774600982665
    ],
    "perplexities": [
        158.5646982137248,
        114.59792208712001,
        81.21626970778884,
        68.70925716596251,
        59.768286087875126,
        55.92444584091176,
        52.23128119213783,
        50.55594618461855,
        48.65472638932802,
        47.291694413250816,
        47.61439619732112,
        47.32905765011615,
        45.79726035590287,
        45.62979244737147,
        45.35639590323515,
        45.019739512540916,
        44.58750959452345,
        44.83016081939336,
        45.011422214975696,
        44.43917578908839,
        43.81115469024614,
        44.030679234170115,
        43.958549255910654,
        43.311378538790066,
        44.08754308384533,
        43.58404250698959,
        43.370412114583516
    ],
    "bleu1_scores": [
        [
            1,
            0.20287975365263164
        ],
        [
            2,
            0.22214970702842843
        ],
        [
            3,
            0.25818247674418704
        ],
        [
            4,
            0.26492799213254203
        ],
        [
            5,
            0.28183917468038017
        ],
        [
            6,
            0.3040047513985096
        ],
        [
            7,
            0.30389036519084583
        ],
        [
            8,
            0.3202283087859462
        ],
        [
            9,
            0.30430848931149307
        ],
        [
            10,
            0.3225252458833557
        ],
        [
            11,
            0.308541204197966
        ],
        [
            12,
            0.3039861171455126
        ],
        [
            13,
            0.3190736133913453
        ],
        [
            14,
            0.3266610396350933
        ],
        [
            15,
            0.3248083606695433
        ],
        [
            16,
            0.3216057561633884
        ],
        [
            17,
            0.34120480257060254
        ],
        [
            18,
            0.32323166714690027
        ],
        [
            19,
            0.31773918318448097
        ],
        [
            20,
            0.3142410934021381
        ],
        [
            21,
            0.3238178202040486
        ],
        [
            22,
            0.3234332007686707
        ],
        [
            23,
            0.32849117577371484
        ],
        [
            24,
            0.33268727310741236
        ],
        [
            25,
            0.33090495751015925
        ],
        [
            26,
            0.3158473889328426
        ],
        [
            27,
            0.3188897173420591
        ]
    ],
    "bleu4_scores": [
        [
            1,
            0.003070467427315288
        ],
        [
            2,
            0.008521122441097137
        ],
        [
            3,
            0.03599972556764677
        ],
        [
            4,
            0.03333125842339967
        ],
        [
            5,
            0.04432664240706521
        ],
        [
            6,
            0.04705177267536891
        ],
        [
            7,
            0.04483024351751703
        ],
        [
            8,
            0.048886569953520316
        ],
        [
            9,
            0.048413310839318706
        ],
        [
            10,
            0.053121879174377655
        ],
        [
            11,
            0.05196662579968333
        ],
        [
            12,
            0.048861574260403044
        ],
        [
            13,
            0.05859594774786124
        ],
        [
            14,
            0.0673507545576544
        ],
        [
            15,
            0.06259631034851851
        ],
        [
            16,
            0.05456339925087816
        ],
        [
            17,
            0.07013452413647538
        ],
        [
            18,
            0.057516653420790056
        ],
        [
            19,
            0.05572149934274141
        ],
        [
            20,
            0.05661753554095233
        ],
        [
            21,
            0.05498330537192759
        ],
        [
            22,
            0.055279864888977584
        ],
        [
            23,
            0.05990507914299686
        ],
        [
            24,
            0.061614477669919766
        ],
        [
            25,
            0.060491549802596016
        ],
        [
            26,
            0.05734188205927222
        ],
        [
            27,
            0.060345803180289
        ]
    ],
    "meteor_scores": [
        [
            1,
            0.11956843875922792
        ],
        [
            2,
            0.1323197878026873
        ],
        [
            3,
            0.16224986108190817
        ],
        [
            4,
            0.1687976398767783
        ],
        [
            5,
            0.18478894886271974
        ],
        [
            6,
            0.20367036320121512
        ],
        [
            7,
            0.20272040711854264
        ],
        [
            8,
            0.21469061203217274
        ],
        [
            9,
            0.20278000963651605
        ],
        [
            10,
            0.22346668997579494
        ],
        [
            11,
            0.211487327952434
        ],
        [
            12,
            0.20751271481351627
        ],
        [
            13,
            0.21982730150025315
        ],
        [
            14,
            0.22728900854783424
        ],
        [
            15,
            0.2276674512502223
        ],
        [
            16,
            0.22556078426597925
        ],
        [
            17,
            0.241547934882122
        ],
        [
            18,
            0.22363268697917774
        ],
        [
            19,
            0.2233090274581145
        ],
        [
            20,
            0.21556037357765723
        ],
        [
            21,
            0.22882365169648017
        ],
        [
            22,
            0.2228245967365649
        ],
        [
            23,
            0.22777606308487955
        ],
        [
            24,
            0.23006680507258245
        ],
        [
            25,
            0.22922479421329647
        ],
        [
            26,
            0.22013874519857396
        ],
        [
            27,
            0.22781813310632137
        ]
    ],