{
    "train_losses": [
        5.05103791213778,
        4.265975819327014,
        4.10180825510652,
        4.02473688991837,
        3.9796078547474423,
        3.9490791084857135,
        3.9277027569015135,
        3.9100950469607714,
        3.8964773367020498,
        3.8859745115557343,
        3.877275309348189,
        3.8701593207653007,
        3.863611867683569,
        3.8575228588803827
    ],
    "val_losses": [
        4.347439098358154,
        4.052736978530884,
        3.939626693725586,
        3.907033710479736,
        3.8555566596984865,
        3.835669822692871,
        3.8095425605773925,
        3.8023631095886232,
        3.7975355625152587,
        3.7880537605285642,
        3.7675217247009276,
        3.7678648948669435,
        3.7746538639068605,
        3.771563186645508
    ],
    "perplexities": [
        77.280302045907,
        57.55476783302915,
        51.39940999637983,
        49.75115654548092,
        47.25491452766538,
        46.32444644371341,
        45.12978999879632,
        44.806943201492885,
        44.59115685243175,
        44.170350486812644,
        43.2726901996077,
        43.28754264419963,
        43.58242025593615,
        43.44792900224446
    ],
    "bleu1_scores": [
        [
            1,
            0.25159124477563416
        ],
        [
            2,
            0.28586299001233095
        ],
        [
            3,
            0.31401358070883373
        ],
        [
            4,
            0.30019568181373146
        ],
        [
            5,
            0.3125248315192997
        ],
        [
            6,
            0.3224565109181375
        ],
        [
            7,
            0.333164284716195
        ],
        [
            8,
            0.3214220006162266
        ],
        [
            9,
            0.3300839616669525
        ],
        [
            10,
            0.31890845021802394
        ],
        [
            11,
            0.3314862194444646
        ],
        [
            12,
            0.3288779003868525
        ],
        [
            13,
            0.32673451975464746
        ],
        [
            14,
            0.33436931473131415
        ]
    ],
    "bleu4_scores": [
        [
            1,
            0.02916715841870994
        ],
        [
            2,
            0.04421200813109428
        ],
        [
            3,
            0.05161457714815052
        ],
        [
            4,
            0.05413837962661262
        ],
        [
            5,
            0.053918504484491016
        ],
        [
            6,
            0.053806718435911366
        ],
        [
            7,
            0.06435316596509554
        ],
        [
            8,
            0.05815896109297571
        ],
        [
            9,
            0.062451189789539605
        ],
        [
            10,
            0.06078709048327335
        ],
        [
            11,
            0.0706716792100021
        ],
        [
            12,
            0.058417253193804176
        ],
        [
            13,
            0.06195215129517732
        ],
        [
            14,
            0.06332838000864406
        ]
    ],
    "meteor_scores": [
        [
            1,
            0.1606683193257175
        ],
        [
            2,
            0.19126121402227264
        ],
        [
            3,
            0.2198455406501692
        ],
        [
            4,
            0.20352473436398186
        ],
        [
            5,
            0.217698761751106
        ],
        [
            6,
            0.22157194195865068
        ],
        [
            7,
            0.2309626259984799
        ],
        [
            8,
            0.2252329657509934
        ],
        [
            9,
            0.23486737369334026
        ],
        [
            10,
            0.22732516310876294
        ],
        [
            11,
            0.22909433913298877
        ],
        [
            12,
            0.22733939148273377
        ],
        [
            13,
            0.22000927604268158
        ],
        [
            14,
            0.23041299907052606
        ]
    ],
    "cider_scores": [
        [
            1,
            0.02616951604265201
        ],
        [
            2,
            0.04186524166387218
        ],
        [
            3,
            0.0509981594532883
        ],
        [
            4,
            0.05024655279475168
        ],
        [
            5,
            0.05712792677316257
        ],
        [
            6,
            0.05984013949527009
        ],
        [
            7,
            0.06389093428070002
        ],
        [
            8,
            0.06173271144401006
        ],
        [
            9,
            0.0649228360957396
        ],
        [
            10,
            0.062963370995496
        ],
        [
            11,
            0.06935856466151366
        ],
        [
            12,
            0.06425956496222539
        ],
        [
            13,
            0.06306560322066976
        ],
        [
            14,
            0.06468682521134067
        ]
    ],
    "best_val_loss": 3.7675217247009276,
    "best_bleu4": 0.0706716792100021,
    "best_meteor": 0.23486737369334026,
    "best_cider": 0.06935856466151366,
    "config": {
        "data_dir": "data",
        "train_captions_file": "data/coco/annotations/captions_train2017.json",
        "val_captions_file": "data/coco/annotations/captions_val2017.json",
        "train_images_dir": "data/coco/train2017",
        "val_images_dir": "data/coco/val2017",
        "vocab_path": "data/coco_vocab.pkl",
        "checkpoint_dir": "checkpoints_coco2",
        "log_dir": "logs_coco2",
        "results_dir": "results_coco2",
        "embedding_dim": 256,
        "hidden_dim": 512,
        "feature_dim": 512,
        "num_layers": 1,
        "dropout": 0.5,
        "encoder_type": "attention",
        "attention_dim": 256,
        "num_epochs": 50,
        "patience": 3,
        "batch_size": 1024,
        "warmup_epochs": 5,
        "learning_rate": 0.001,
        "weight_decay": 0.0001,
        "num_workers": 4,
        "image_size": 224,
        "freq_threshold": 5,
        "random_seed": 42,
        "save_every": 5,
        "max_caption_length": 20,
        "generation_method": "beam_search",
        "beam_width": 5,
        "bleu_every": 1,
        "bleu_num_samples": 500
    }
}