{
    "train_losses": [
        5.143817503159773,
        4.607442801209993,
        4.454405134625261,
        4.362213906928279,
        4.314484868165395,
        4.290371995564504,
        4.26362965635938,
        4.245520812401627,
        4.228236755143569,
        4.210439681220401,
        4.190925843976222,
        4.170358354350549,
        4.147601929027059,
        4.125668473326998,
        4.1060910216663435,
        4.091150881284531,
        4.207284722353713,
        4.204106153782002,
        4.199312861005824,
        4.193989127386076,
        4.187776714523081,
        4.181287168018983,
        4.173517079619689,
        4.164777499527257,
        4.15596207527848,
        4.145779543490754
    ],
    "val_losses": [
        4.302888893105489,
        4.065805862321878,
        3.938800919696193,
        3.8609151645084783,
        3.8214510743270447,
        3.8093604379907595,
        3.7921743234405128,
        3.7713422388067026,
        3.7604173949307493,
        3.7415865199340272,
        3.7274605974821786,
        3.708962940803879,
        3.694307664166326,
        3.6768084151665574,
        3.6650947646411787,
        3.6580378186062474,
        3.755479936404606,
        3.738972285824359,
        3.734283342690724,
        3.7342563431586147,
        3.720934040406171,
        3.7254539386695606,
        3.717954074330342,
        3.7039567838849314,
        3.7021072371231627,
        3.6912767701136793
    ],
    "perplexities": [
        73.9130123601615,
        58.31188094112708,
        51.35698321835534,
        47.50880985660841,
        45.67043145247135,
        45.121571593108904,
        44.35273269546261,
        43.4383303366721,
        42.96635617577658,
        42.16483247488426,
        41.57340240335861,
        40.811460672608966,
        40.21771877912985,
        39.520060951224906,
        39.059837479202855,
        38.78516462961986,
        42.75473444082709,
        42.054747687997676,
        41.858016957639364,
        41.85688682602307,
        41.30295472582823,
        41.49006241448224,
        41.18005652908897,
        40.60766264447008,
        40.53262628653993,
        40.096007674376
    ],
    "lr_history": [
        [
            1,
            5.9999999999999995e-05
        ],
        [
            2,
            0.00011999999999999999
        ],
        [
            3,
            0.00017999999999999998
        ],
        [
            4,
            0.00023999999999999998
        ],
        [
            5,
            0.0003
        ],
        [
            6,
            0.0003
        ],
        [
            7,
            0.00029290319486279724
        ],
        [
            8,
            0.0002723074641843674
        ],
        [
            9,
            0.00024022886158240857
        ],
        [
            10,
            0.00019980746418436736
        ],
        [
            11,
            0.00015499999999999997
        ],
        [
            12,
            0.00011019253581563262
        ],
        [
            13,
            6.97711384175914e-05
        ],
        [
            14,
            3.769253581563263e-05
        ],
        [
            15,
            1.7096805137202738e-05
        ],
        [
            16,
            0.0003
        ],
        [
            17,
            0.00029821480938629495
        ],
        [
            18,
            0.00029290319486279724
        ],
        [
            19,
            0.0002841959460073133
        ],
        [
            20,
            0.0002723074641843674
        ],
        [
            21,
            0.00025753048327204934
        ],
        [
            22,
            0.00024022886158240857
        ],
        [
            23,
            0.00022082862246223424
        ],
        [
            24,
            0.00019980746418436736
        ],
        [
            25,
            0.00017768299743083345
        ],
        [
            26,
            0.00015499999999999997
        ]
    ],
    "bleu1_scores": [
        [
            2,
            0.2967516217432543
        ],
        [
            4,
            0.31940482754111416
        ],
        [
            6,
            0.3220797164840942
        ],
        [
            8,
            0.32300237176623864
        ],
        [
            10,
            0.32758619826673585
        ],
        [
            12,
            0.3358061941947024
        ],
        [
            14,
            0.34170429485344345
        ],
        [
            16,
            0.34175981030359615
        ],
        [
            18,
            0.3314527907623517
        ],
        [
            20,
            0.3285352942975149
        ],
        [
            22,
            0.329804493138128
        ],
        [
            24,
            0.33371950155303265
        ],
        [
            26,
            0.3334884478647716
        ]
    ],
    "bleu4_scores": [
        [
            2,
            0.04505412942930241
        ],
        [
            4,
            0.05907669887768125
        ],
        [
            6,
            0.061559178620608127
        ],
        [
            8,
            0.0628355956125877
        ],
        [
            10,
            0.06566614142725703
        ],
        [
            12,
            0.0675747459900245
        ],
        [
            14,
            0.07190729637275828
        ],
        [
            16,
            0.07251408569846719
        ],
        [
            18,
            0.06650951938309374
        ],
        [
            20,
            0.0661057900888051
        ],
        [
            22,
            0.06485076931398273
        ],
        [
            24,
            0.06807659645195369
        ],
        [
            26,
            0.0681292781630152
        ]
    ],
    "meteor_scores": [
        [
            2,
            0.20239805057512777
        ],
        [
            4,
            0.22566774051850239
        ],
        [
            6,
            0.23136060733906988
        ],
        [
            8,
            0.22986140505365105
        ],
        [
            10,
            0.23876822434222508
        ],
        [
            12,
            0.2434384524555728
        ],
        [
            14,
            0.24836145205843596
        ],
        [
            16,
            0.2499760120154121
        ],
        [
            18,
            0.2362977407098168
        ],
        [
            20,
            0.23854312831773564
        ],
        [
            22,
            0.23630536985166992
        ],
        [
            24,
            0.2420279571093411
        ],
        [
            26,
            0.24148779333269554
        ]
    ],
    "cider_scores": [
        [
            2,
            0.04053083522554612
        ],
        [
            4,
            0.052537834011126404
        ],
        [
            6,
            0.05440075454458396
        ],
        [
            8,
            0.056525711143396724
        ],
        [
            10,
            0.0598327802358853
        ],
        [
            12,
            0.06172327411253008
        ],
        [
            14,
            0.06666750676318463
        ],
        [
            16,
            0.06768828435191454
        ],
        [
            18,
            0.059187730782467154
        ],
        [
            20,
            0.059914114954094204
        ],
        [
            22,
            0.05926569311872878
        ],
        [
            24,
            0.06168301450398527
        ],
        [
            26,
            0.06195383100450896
        ]
    ],
    "best_val_loss": 3.6580378186062474,
    "best_bleu4": 0.07251408569846719,
    "best_meteor": 0.2499760120154121,
    "best_cider": 0.06768828435191454,
    "config": {
        "data_dir": "data",
        "train_captions_file": "data/coco/annotations/captions_train2017.json",