{
    "train_losses": [
        5.133488809154141,
        4.598514414449873,
        4.4524246550222575,
        4.362515500422998,
        4.314139336742409,
        4.291015288431816,
        4.265198855688101,
        4.2475624914483365,
        4.2303348655589295,
        4.212086210924867,
        4.193571545064001,
        4.171451274360979,
        4.149937631337038,
        4.1278587812498895,
        4.108234540565143,
        4.093207768775603,
        4.2087659432155355,
        4.206241809985961,
        4.201403925586841,
        4.196193943388278,
        4.189704317544541,
        4.1828884669226385,
        4.175218261958445,
        4.166159731555461,
        4.157278220030704,
        4.147607898915858
    ],
    "val_losses": [
        4.281380795151986,
        4.062953248048378,
        3.934564295937033,
        3.8632217166978684,
        3.834617278460042,
        3.809591152478972,
        3.7944971094350985,
        3.7769799442852245,
        3.76085797874519,
        3.74889586770626,
        3.731232325439258,
        3.7171527263148665,
        3.6975140239271664,
        3.67897733123711,
        3.6669668248852196,
        3.6599671087606485,
        3.7470487944610285,
        3.7501248023699008,
        3.75010790178538,
        3.7402500258687206,
        3.729934608844845,
        3.7212532191630214,
        3.711447567890977,
        3.703927681574126,
        3.702477129828899,
        3.6915002704581337
    ],
    "perplexities": [
        72.34025815501265,
        58.14577666559158,
        51.1398632556068,
        47.61851788100152,
        46.275713566023825,
        45.13198299439072,
        44.455874343403245,
        43.683914464616294,
        42.98529062767335,
        42.474159009623285,
        41.730502049797835,
        41.147070191045685,
        40.34687820944153,
        39.60586966884613,
        39.13302833555713,
        38.860064694623084,
        42.395778536424494,
        42.52638906302727,
        42.52567034826791,
        42.10851706750343,
        41.67638280810867,
        41.316139855666606,
        40.912988009815734,
        40.60648088484678,
        40.54762178253898,
        40.10497014742306
    ],
    "lr_history": [
        [
            1,
            5.9999999999999995e-05
        ],
        [
            2,
            0.00011999999999999999
        ],
        [
            3,
            0.00017999999999999998
        ],
        [
            4,
            0.00023999999999999998
        ],
        [
            5,
            0.0003
        ],
        [
            6,
            0.0003
        ],
        [
            7,
            0.00029290319486279724
        ],
        [
            8,
            0.0002723074641843674
        ],
        [
            9,
            0.00024022886158240857
        ],
        [
            10,
            0.00019980746418436736
        ],
        [
            11,
            0.00015499999999999997
        ],
        [
            12,
            0.00011019253581563262
        ],
        [
            13,
            6.97711384175914e-05
        ],
        [
            14,
            3.769253581563263e-05
        ],
        [
            15,
            1.7096805137202738e-05
        ],
        [
            16,
            0.0003
        ],
        [
            17,
            0.00029821480938629495
        ],
        [
            18,
            0.00029290319486279724
        ],
        [
            19,
            0.0002841959460073133
        ],
        [
            20,
            0.0002723074641843674
        ],
        [
            21,
            0.00025753048327204934
        ],
        [
            22,
            0.00024022886158240857
        ],
        [
            23,
            0.00022082862246223424
        ],
        [
            24,
            0.00019980746418436736
        ],
        [
            25,
            0.00017768299743083345
        ],
        [
            26,
            0.00015499999999999997
        ]
    ],
    "bleu1_scores": [
        [
            1,
            0.5546963785915229
        ],
        [
            2,
            0.5871035940803383
        ],
        [
            3,
            0.5980792981559558
        ],
        [
            4,
            0.6075925219381916
        ],
        [
            5,
            0.6070657922572457
        ],
        [
            6,
            0.6099823790416746
        ],
        [
            7,
            0.6173681090693539
        ],
        [
            8,
            0.6088788751199566
        ],
        [
            9,
            0.6242411467116358
        ],
        [
            10,
            0.620007543690541
        ],
        [
            11,
            0.626609169890291
        ],
        [
            12,
            0.6323591878345085
        ],
        [
            13,
            0.6447717481270825
        ],
        [
            14,
            0.6486843761802845
        ],
        [
            15,
            0.6511184251902475
        ],
        [
            16,
            0.6534335439716163
        ],
        [
            17,
            0.6205869208997468
        ],
        [
            18,
            0.6210915470894166
        ],
        [
            19,
            0.6258358918282374
        ],
        [
            20,
            0.6180615829716883
        ],
        [
            21,
            0.6365709171496761
        ],
        [
            22,
            0.6281673785924605
        ],
        [
            23,
            0.6266869095816464
        ],
        [
            24,
            0.635249489349285
        ],
        [
            25,
            0.6259368142105917
        ],
        [
            26,
            0.642484233387629
        ]
    ],
    "bleu4_scores": [
        [
            1,
            0.12024104920446849
        ],
        [
            2,
            0.1560690809132186
        ],
        [
            3,
            0.1705507819442968
        ],
        [
            4,
            0.17694140797613364
        ],
        [
            5,
            0.1840209428713555
        ],
        [
            6,
            0.18195794386491798
        ],
        [
            7,
            0.1864193160924688
        ],
        [
            8,
            0.17955182533613784
        ],
        [
            9,
            0.20069075495301866
        ],
        [
            10,
            0.19354357520212923
        ],
        [
            11,
            0.1996337487270795
        ],
        [
            12,
            0.1983847242004368
        ],
        [
            13,
            0.20975500838559422
        ],
        [
            14,
            0.21723203817877318
        ],
        [
            15,
            0.21777472713660403
        ],
        [
            16,
            0.2227860518660736
        ],
        [
            17,
            0.19858222331311837
        ],
        [
            18,
            0.1926830861401827
        ],
        [
            19,
            0.20131906202800096
        ],
        [
            20,
            0.19180300462504307
        ],
        [
            21,
            0.20368896252894614
        ],
        [
            22,
            0.20462072733014267
        ],
        [
            23,
            0.20751362695448067
        ],
        [
            24,
            0.20885660684011925
        ],
        [
            25,
            0.2056926790333838
        ],
        [
            26,
            0.2129796294436012
        ]
    ],