{
    "train_losses": [
        3.948949855778057,
        3.3785542546524834,
        3.2050649347041436,
        3.0931493498591096,
        3.0077078043236565,
        2.9409030831378438,
        2.885323009707711,
        2.834807326671163,
        2.789287421778728,
        2.7515291145196543,
        2.713564270569873,
        2.6796003156028716,
        2.6487649573167795,
        2.6184906064286064,
        2.5913937831584644,
        2.5641823665426653,
        2.5385264579957654,
        2.517130022699183,
        2.497810763097092,
        2.473521341683836,
        2.4551964755586013,
        2.4363722233433025,
        2.343704109724331,
        2.313215499103305,
        2.2945603731828244,
        2.28008196888705,
        2.263274611456121,
        2.214804268401602
    ],
    "val_losses": [
        3.4580586613632565,
        3.2280945139607105,
        3.1132121987230197,
        3.0540618746299444,
        3.0013785418563,
        2.966337157046701,
        2.9393941999420408,
        2.909449975321612,
        2.891393271018201,
        2.8780607032024954,
        2.8751053171833667,
        2.862224040068979,
        2.8555591106414795,
        2.864127718557523,
        2.851974198198694,
        2.851479397045346,
        2.8527849377609615,
        2.8410645357267126,
        2.8499196927378496,
        2.852385804409117,
        2.8456823056138405,
        2.852714287014458,
        2.837737977035402,
        2.8482847795711725,
        2.8495992469036673,
        2.861779096558338,
        2.8621448024990053,
        2.862387792331966
    ],
    "best_val_loss": 2.837737977035402,
    "config": {
        "data_dir": "data",
        "captions_file": "data/flicker8k/captions.txt",
        "images_dir": "data/flicker8k/Images",
        "vocab_path": "data/vocab.pkl",
        "checkpoint_dir": "checkpoints",
        "log_dir": "logs",
        "results_dir": "results",
        "embedding_dim": 256,
        "hidden_dim": 512,
        "feature_dim": 512,
        "num_layers": 1,
        "dropout": 0.5,
        "encoder_type": "lite",
        "num_epochs": 50,
        "patience": 5,
        "batch_size": 32,
        "learning_rate": 0.001,
        "weight_decay": 1e-05,
        "num_workers": 4,
        "image_size": 224,
        "freq_threshold": 5,
        "train_ratio": 0.8,
        "val_ratio": 0.1,
        "random_seed": 42,
        "save_every": 5,
        "max_caption_length": 20,
        "generation_method": "greedy"
    }
}