{
    "train_losses": [
        5.292416761882347,
        4.706840039898214,
        4.509992950598081,
        4.384127591239403,
        4.313701242841819,
        4.273243724239438,
        4.236694752554403,
        4.210645637278597,
        4.188925094694223,
        4.168211256568805,
        4.146755006877623,
        4.1259277032966555,
        4.103313353103834,
        4.082253790943437,
        4.064697661033956,
        4.050997434322246,
        4.157354536292707,
        4.1528443441843255,
        4.145561213195018,
        4.138083110626358,
        4.131459267808678,
        4.123194353515884,
        4.114604595037147,
        4.106021102417323,
        4.096218937065902,
        4.086657377935207
    ],
    "val_losses": [
        4.415146693549193,
        4.144441388452145,
        3.9704227325556527,
        3.875685319876122,
        3.8233541295961344,
        3.7820602518213375,
        3.7603779482414654,
        3.741841257990474,
        3.7209183864886195,
        3.703023040386112,
        3.6865000142465774,
        3.671045314930284,
        3.6562333320412796,
        3.6424053337263023,
        3.632629016171331,
        3.6266434729251715,
        3.699343196876214,
        3.6894609120190904,
        3.6841815173473504,
        3.677573066233369,
        3.675137308552442,
        3.6637492231700732,
        3.6592237086552184,
        3.6535465924636177,
        3.6471872308370097,
        3.6397738258552064
    ],
    "perplexities": [
        82.69397068846322,
        63.08237351527202,
        53.00693386071762,
        48.215730169331415,
        45.75742756063403,
        43.90640687086684,
        42.96466132870312,
        42.17557483054462,
        41.302308177840835,
        40.56976320040695,
        39.904935550228984,
        39.292957915967655,
        38.71524042873993,
        38.18357058601763,
        37.8120946665515,
        37.58644473111168,
        40.42074716659349,
        40.023265079382845,
        39.81252325110272,
        39.55029156445409,
        39.45407386706175,
        39.007316190729895,
        38.83118685365702,
        38.6113622692901,
        38.366597751650296,
        38.083222311019654
    ],
    "lr_history": [
        [
            1,
            4e-05
        ],
        [
            2,
            8e-05
        ],
        [
            3,
            0.00012000000000000002
        ],
        [
            4,
            0.00016
        ],
        [
            5,
            0.0002
        ],
        [
            6,
            0.0002
        ],
        [
            7,
            0.0001953503690480396
        ],
        [
            8,
            0.00018185661446562003
        ],
        [
            9,
            0.00016083959896778495
        ],
        [
            10,
            0.00013435661446562
        ],
        [
            11,
            0.000105
        ],
        [
            12,
            7.564338553438001e-05
        ],
        [
            13,
            4.916040103221506e-05
        ],
        [
            14,
            2.8143385534380006e-05
        ],
        [
            15,
            1.4649630951960416e-05
        ],
        [
            16,
            0.0002
        ],
        [
            17,
            0.0001988303923565381
        ],
        [
            18,
            0.0001953503690480396
        ],
        [
            19,
            0.00018964561979789495
        ],
        [
            20,
            0.00018185661446562003
        ],
        [
            21,
            0.00017217514421272203
        ],
        [
            22,
            0.00016083959896778495
        ],
        [
            23,
            0.00014812909747525694
        ],
        [
            24,
            0.00013435661446562
        ],
        [
            25,
            0.00011986127417882195
        ],
        [
            26,
            0.000105
        ]
    ],
    "bleu1_scores": [
        [
            2,
            0.2988169120608386
        ],
        [
            4,
            0.324753655399928
        ],
        [
            6,
            0.3282549258640701
        ],
        [
            8,
            0.33259771841980534
        ],
        [
            10,
            0.33837468811387833
        ],
        [
            12,
            0.3475527343883193
        ],
        [
            14,
            0.3508019135561989
        ],
        [
            16,
            0.3521137145250194
        ],
        [
            18,
            0.3455293720046401
        ],
        [
            20,
            0.34121060419942084
        ],
        [
            22,
            0.34314969269360446
        ],
        [
            24,
            0.34926446500124037
        ],
        [
            26,
            0.34897468624481387
        ]
    ],
    "bleu4_scores": [
        [
            2,
            0.047169332041630666
        ],
        [
            4,
            0.06251556204687177
        ],
        [
            6,
            0.06433844013055613
        ],
        [
            8,
            0.06786436187435264
        ],
        [
            10,
            0.07162035922730817
        ],
        [
            12,
            0.07558586448404996
        ],
        [
            14,
            0.07689164237163755
        ],
        [
            16,
            0.07822461620368298
        ],
        [
            18,
            0.07096598042478636
        ],
        [
            20,
            0.07393056670160923
        ],
        [
            22,
            0.07351993323343932
        ],
        [
            24,
            0.07665577059460113
        ],
        [
            26,
            0.07532786531523242
        ]
    ],
    "meteor_scores": [
        [
            2,
            0.20373796315631815
        ],
        [
            4,
            0.23303632133090618
        ],
        [
            6,
            0.23588512557003533
        ],
        [
            8,
            0.241215701131899
        ],
        [
            10,
            0.246723757458733
        ],
        [
            12,
            0.25715182143389387
        ],
        [
            14,
            0.25987329823923455
        ],
        [
            16,
            0.2593767371144002
        ],
        [
            18,
            0.24936457634094641
        ],
        [
            20,
            0.24934919383521628
        ],
        [
            22,
            0.25158178412343246
        ],
        [
            24,
            0.2575195888551757
        ],
        [
            26,
            0.2558627534267867
        ]
    ],
    "cider_scores": [
        [
            2,
            0.04263812652682453
        ],
        [
            4,
            0.05599647407221592
        ],
        [
            6,
            0.05894056454917334
        ],
        [
            8,
            0.06283004765298027
        ],
        [
            10,
            0.06463423734679581
        ],
        [
            12,
            0.06968319849852363
        ],
        [
            14,
            0.07132903961888153
        ],
        [
            16,
            0.0722985883799066
        ],
        [
            18,
            0.06713274359163618
        ],
        [
            20,
            0.06742098554545088
        ],
        [
            22,
            0.06795398469765195
        ],
        [
            24,
            0.07155136783651764
        ],
        [
            26,
            0.0707191972411393
        ]
    ],
    "best_val_loss": 3.6266434729251715,
    "best_bleu4": 0.07822461620368298,
    "best_meteor": 0.25987329823923455,
    "best_cider": 0.0722985883799066,
    "config": {
        "data_dir": "data",
        "train_captions_file": "data/coco/annotations/captions_train2017.json",
        "val_captions_file": "data/coco/annotations/captions_val2017.json",