{
    "train_losses": [
        5.306731955289441,
        4.718822835206354,
        4.523126286490306,
        4.396847927041112,
        4.327634096519509,
        4.28538611520138,
        4.247504767722838,
        4.220919187889023,
        4.199581767265647,
        4.178574361196754,
        4.156751363330165,
        4.134979673353235,
        4.1131723646487695,
        4.091152746139916,
        4.073698831289138,
        4.059796894543593,
        4.165452463156419,
        4.160858717770752,
        4.1540766800035875,
        4.1477075087748885,
        4.139802694320679,
        4.132296949210848,
        4.12442836762506,
        4.114664063551398,
        4.105439646031454,
        4.095313306188194
    ],
    "val_losses": [
        4.422811644766337,
        4.165878118151594,
        4.001587877188192,
        3.88697239444079,
        3.835585910036131,
        3.79662041042162,
        3.7642033648917743,
        3.7447601962272468,
        3.730500761505283,
        3.7127111808723194,
        3.694091470954973,
        3.6792897690287636,
        3.6619038383674134,
        3.648626789107652,
        3.6405363643870636,
        3.6341529855947665,
        3.7032403830067278,
        3.697107400735626,
        3.6924747323136193,
        3.6850477246677174,
        3.682245891417384,
        3.6789296200818113,
        3.6737383896737454,
        3.660627394990848,
        3.6546818743581357,
        3.6480631922821862
    ],
    "perplexities": [
        83.33025135467628,
        64.44925166033889,
        54.684914057176385,
        48.76302759399,
        46.320559399428696,
        44.55036782880741,
        43.129333829171905,
        42.29886257569575,
        41.6999846836148,
        40.96471886958011,
        40.20902492116409,
        39.61824597261382,
        38.935399060038144,
        38.42186847793073,
        38.11227331029458,
        37.869763073943,
        40.57858169734158,
        40.33047556812849,
        40.14406995859037,
        39.8470240904677,
        39.73553563241312,
        39.60398007212541,
        39.39891940559098,
        38.885731933175165,
        38.65522194163229,
        38.40022013586958
    ],
    "lr_history": [
        [
            1,
            4e-05
        ],
        [
            2,
            8e-05
        ],
        [
            3,
            0.00012000000000000002
        ],
        [
            4,
            0.00016
        ],
        [
            5,
            0.0002
        ],
        [
            6,
            0.0002
        ],
        [
            7,
            0.0001953503690480396
        ],
        [
            8,
            0.00018185661446562003
        ],
        [
            9,
            0.00016083959896778495
        ],
        [
            10,
            0.00013435661446562
        ],
        [
            11,
            0.000105
        ],
        [
            12,
            7.564338553438001e-05
        ],
        [
            13,
            4.916040103221506e-05
        ],
        [
            14,
            2.8143385534380006e-05
        ],
        [
            15,
            1.4649630951960416e-05
        ],
        [
            16,
            0.0002
        ],
        [
            17,
            0.0001988303923565381
        ],
        [
            18,
            0.0001953503690480396
        ],
        [
            19,
            0.00018964561979789495
        ],
        [
            20,
            0.00018185661446562003
        ],
        [
            21,
            0.00017217514421272203
        ],
        [
            22,
            0.00016083959896778495
        ],
        [
            23,
            0.00014812909747525694
        ],
        [
            24,
            0.00013435661446562
        ],
        [
            25,
            0.00011986127417882195
        ],
        [
            26,
            0.000105
        ]
    ],
    "bleu1_scores": [
        [
            1,
            0.5492760852852815
        ],
        [
            2,
            0.5823978351409062
        ],
        [
            3,
            0.6005302109433563
        ],
        [
            4,
            0.6134627181627816
        ],
        [
            5,
            0.6180774810137384
        ],
        [
            6,
            0.6188655462184874
        ],
        [
            7,
            0.6393693751196783
        ],
        [
            8,
            0.6353503846953629
        ],
        [
            9,
            0.6425523049196326
        ],
        [
            10,
            0.6435292140966943
        ],
        [
            11,
            0.6555366555366555
        ],
        [
            12,
            0.659867232469224
        ],
        [
            13,
            0.6658091772284268
        ],
        [
            14,
            0.6715706018273164
        ],
        [
            15,
            0.6734220460153103
        ],
        [
            16,
            0.6772865693583955
        ],
        [
            17,
            0.6526507815789838
        ],
        [
            18,
            0.6532873151817291
        ],
        [
            19,
            0.6479888639574504
        ],
        [
            20,
            0.6571253279174071
        ],
        [
            21,
            0.644134403459891
        ],
        [
            22,
            0.65066402879212
        ],
        [
            23,
            0.6570355756380067
        ],
        [
            24,
            0.6643946150252686
        ],
        [
            25,
            0.6662187414701745
        ],
        [
            26,
            0.6683763219803743
        ]
    ],
    "bleu4_scores": [
        [
            1,
            0.10689103746777864
        ],
        [
            2,
            0.1518416189748972
        ],
        [
            3,
            0.16912651466225553
        ],
        [
            4,
            0.18249522712555014
        ],
        [
            5,
            0.1912419347501354
        ],
        [
            6,
            0.19084973718863993
        ],
        [
            7,
            0.20993007942945685
        ],
        [
            8,
            0.20744784101679636
        ],
        [
            9,
            0.2132421636403757
        ],
        [
            10,
            0.2093755864755482
        ],
        [
            11,
            0.2272803220837803
        ],
        [
            12,
            0.2260372554216045
        ],
        [
            13,
            0.232544290093908
        ],
        [
            14,
            0.24178092350782066
        ],
        [
            15,
            0.2432666640859825
        ],
        [
            16,
            0.24776912023741318
        ],
        [
            17,
            0.2201735480373235
        ],
        [
            18,
            0.2193527725465494
        ],
        [
            19,
            0.21775211337559752
        ],
        [
            20,
            0.22474221205279832
        ],
        [
            21,
            0.21695448323029248
        ],
        [
            22,
            0.21910617450852043
        ],
        [
            23,
            0.2320539027377197
        ],
        [
            24,
            0.2334715815803284
        ],
        [
            25,
            0.23145913069179427
        ],
        [
            26,
            0.24003943771192127
        ]
    ],