{
    "train_losses": [
        5.309441713878631,
        4.714131920590239,
        4.519684161914534,
        4.394676906837043
    ],
    "val_losses": [
        4.41875662675599,
        4.158675960262718,
        3.9781028321941796,
        3.8827910551329707
    ],
    "perplexities": [
        82.99302986631321,
        63.986745494499445,
        53.415599682692154,
        48.559558513023624
    ],
    "lr_history": [
        [
            1,
            4e-05
        ],
        [
            2,
            8e-05
        ],
        [
            3,
            0.00012000000000000002
        ],
        [
            4,
            0.00016
        ]
    ],
    "bleu1_scores": [
        [
            2,
            0.580637023021129
        ],
        [
            4,
            0.6139353376833183
        ]
    ],
    "bleu4_scores": [
        [
            2,
            0.15383074052091777
        ],
        [
            4,
            0.18218755917693955
        ]
    ],
    "meteor_scores": [
        [
            2,
            0.33592133179279415
        ],
        [
            4,
            0.3608208389641833
        ]
    ],
    "cider_scores": [
        [
            2,
            0.0692979446641167
        ],
        [
            4,
            0.08318062456323691
        ]
    ],
    "best_val_loss": 3.9781028321941796,
    "best_bleu4": 0.18218755917693955,
    "best_meteor": 0.3608208389641833,
    "best_cider": 0.08318062456323691,
    "config": {
        "data_dir": "data",
        "train_captions_file": "data/coco/annotations/captions_train2017.json",
        "val_captions_file": "data/coco/annotations/captions_val2017.json",
        "train_images_dir": "data/coco/train2017",
        "val_images_dir": "data/coco/val2017",
        "vocab_path": "data/coco_vocab.pkl",
        "checkpoint_dir": "checkpoints_coco3",
        "log_dir": "logs_coco3",
        "results_dir": "results_coco3",
        "embedding_dim": 256,
        "hidden_dim": 512,
        "feature_dim": 512,
        "num_layers": 1,
        "dropout": 0.3,
        "attention_dim": 256,
        "encoder_type": "densenet",
        "growth_rate": 32,
        "compression": 0.5,
        "dense_dropout": 0.0,
        "block_config": [
            6,
            12,
            24,
            16
        ],
        "num_epochs": 100,
        "patience": 10,
        "batch_size": 32,
        "warmup_epochs": 5,
        "learning_rate": 0.0002,
        "weight_decay": 0.0001,
        "num_workers": 4,
        "cosine_T0": 10,
        "cosine_T_mult": 2,
        "lr_min": 1e-05,
        "attention_lambda": 1.0,
        "image_size": 224,
        "freq_threshold": 5,
        "random_seed": 42,
        "save_every": 5,
        "max_caption_length": 20,
        "generation_method": "beam_search",
        "beam_width": 5,
        "bleu_every": 2,
        "bleu_num_samples": 5000
    }
}