{
    "bleu_scores": {
        "BLEU-1": 0.23879902951880305,
        "BLEU-2": 0.119774043350936,
        "BLEU-3": 0.06564610958532276,
        "BLEU-4": 0.03735863035223047
    },
    "num_samples": 4050,
    "avg_generated_length": 12.212345679012346,
    "avg_reference_length": 10.457283950617285,
    "std_generated_length": 3.9395864518208277,
    "std_reference_length": 3.788778431868483
}