{
    "config": {
        "val_file": "data/coco/annotations/captions_val2017.json",
        "num_samples": null,
        "generation_method": "beam_search",
        "beam_width": 5
    },
    "results": {
        "ResNet (attention)": {
            "BLEU-1": 0.6423215265500213,
            "BLEU-4": 0.2465202440198532,
            "METEOR": 0.4199364552037122,
            "CIDEr": 0.10971023715165107,
            "n_images": 5000,
            "time_s": 156.8
        },
        "DenseNet-121": {
            "BLEU-1": 0.668541501090257,
            "BLEU-4": 0.27149264573228976,
            "METEOR": 0.43946489003200623,
            "CIDEr": 0.12416144057856147,
            "n_images": 5000,
            "time_s": 180.6
        }
    }
}