{
    "model": "cnn",
    "scheduler": "plateau",
    "label_smoothing": 0.0,
    "augdata": false,
    "train_losses": [
        3.649535628553273,
        3.2075747362062685,
        3.1417498540215627,
        3.1260960250472465,
        3.133147480733681,
        3.1516887404704272,
        3.1406738528087295,
        3.132364311013531,
        3.126780922646353,
        3.122661077485672,
        3.1200166512469054
    ],
    "val_losses": [
        3.2092674601718287,
        3.0284039050416873,
        2.9920961930013985,
        2.9791374810211493,
        2.9996523786993587,
        3.0174416142046603,
        3.0005258590059207,
        2.990392847439212,
        2.990165881183751,
        2.9950504918842364,
        3.0006155931126433
    ],
    "perplexities": [
        24.760941203809104,
        20.664224190079874,
        19.927410439668495,
        19.67084285041633,
        20.078555976151595,
        20.438934058680825,
        20.096101861257935,
        19.893496065679326,
        19.88898142572411,
        19.986369013811174,
        20.097905247918497
    ],
    "lr_history": [
        [
            1,
            0.0002
        ],
        [
            2,
            0.0004
        ],
        [
            3,
            0.0006000000000000001
        ],
        [
            4,
            0.0008
        ],
        [
            5,
            0.001
        ],
        [
            6,
            0.001
        ],
        [
            7,
            0.001
        ],
        [
            8,
            0.001
        ],
        [
            9,
            0.001
        ],
        [
            10,
            0.001
        ],
        [
            11,
            0.001
        ]
    ],
    "bleu1_scores": [
        [
            1,
            0.5063070811319982
        ],
        [
            2,
            0.5267177187341344
        ],
        [
            3,
            0.555089979799525
        ],
        [
            4,
            0.5563933200398804
        ],
        [
            5,
            0.5454863901423832
        ],
        [
            6,
            0.5686721436994673
        ],
        [
            7,
            0.5695628089313107
        ],
        [
            8,
            0.5760768384530761
        ],
        [
            9,
            0.5698281830196992
        ],
        [
            10,
            0.5631510023169135
        ],
        [
            11,
            0.5534605753245934
        ]
    ],
    "bleu4_scores": [
        [
            1,
            0.07264551860712821
        ],
        [
            2,
            0.11367721603160043
        ],
        [
            3,
            0.132681152246355
        ],
        [
            4,
            0.1414590049394929
        ],
        [
            5,
            0.13176246910182665
        ],
        [
            6,
            0.13956866294900006
        ],
        [
            7,
            0.14525929119479267
        ],
        [
            8,
            0.1576573806058522
        ],
        [
            9,
            0.14699914880146078
        ],
        [
            10,
            0.14870950186231408
        ],
        [
            11,
            0.12857413742988566
        ]
    ],
    "meteor_scores": [
        [
            1,
            0.27129081127714433
        ],
        [
            2,
            0.2953256969611711
        ],
        [
            3,
            0.3160040862260528
        ],
        [
            4,
            0.3200117245907031
        ],
        [
            5,
            0.3153978443621865
        ],
        [
            6,
            0.3211630010151674
        ],
        [
            7,
            0.3236233566614919
        ],
        [
            8,
            0.33395877429597726
        ],
        [
            9,
            0.3269875425927276
        ],
        [
            10,
            0.33291031410511873
        ],
        [
            11,
            0.3176701845058021
        ]
    ],
    "cider_scores": [
        [
            1,
            0.024127675825165368
        ],
        [
            2,
            0.04419221057711855
        ],
        [
            3,
            0.05085929696169104
        ],
        [
            4,
            0.05637368948129142
        ],
        [
            5,
            0.0527467550473723
        ],
        [
            6,
            0.05714295919437568
        ],
        [
            7,
            0.05631629293726299
        ],
        [
            8,
            0.06334260978463677
        ],
        [
            9,
            0.058561496080503886
        ],
        [
            10,
            0.060368936422524486
        ],
        [
            11,
            0.05378092341727439
        ]
    ],
    "best_val_loss": 2.9791374810211493,
    "best_bleu4": 0.1576573806058522,
    "best_meteor": 0.33395877429597726,
    "best_cider": 0.06334260978463677,
    "config": {
        "train_captions_file": "data/coco/annotations/captions_train2017.json",
        "val_captions_file": "data/coco/annotations/captions_val2017.json",
        "train_images_dir": "data/coco/train2017",
        "val_images_dir": "data/coco/val2017",
        "vocab_path": "data/coco_vocab.pkl",
        "checkpoint_dir": "checkpoints/cnn/plateau/noaug",
        "log_dir": "logs/cnn/plateau/noaug",
        "results_dir": "results",
        "embedding_dim": 256,
        "hidden_dim": 1024,
        "feature_dim": 512,
        "attention_dim": 256,
        "dropout": 0.5,
        "num_epochs": 300,
        "batch_size": 32,
        "num_workers": 4,
        "learning_rate": 0.001,
        "weight_decay": 0.0001,
        "warmup_epochs": 5,
        "plateau_patience": 3,
        "plateau_factor": 0.5,
        "lr_min": 1e-05,
        "cosine_T0": 10,
        "cosine_T_mult": 2,
        "max_no_improve_cycles": 3,
        "patience": 7,
        "attention_lambda": 0.0,
        "image_size": 224,
        "freq_threshold": 5,
        "random_seed": 42,
        "save_every": 5,
        "max_caption_length": 20,
        "generation_method": "beam_search",
        "beam_width": 5,
        "bleu_every": 1,
        "bleu_num_samples": 5000,
        "model": "cnn",
        "augdata": false
    }
}