{
    "model": "densenet",
    "scheduler": "plateau",
    "label_smoothing": 0.0,
    "augdata": true,
    "train_losses": [
        3.6439689740684442,
        3.2836290025172157,
        3.2853454639247306,
        3.3051806325452993,
        3.334568520192554,
        3.3683399663945903,
        3.3577143661212503,
        3.351511424559755,
        3.346693616931115,
        3.343458268716299,
        3.3409825474924673,
        3.3392595725636314,
        3.3373050758155745,
        3.334698518899406,
        3.3340298173130156,
        3.3328120292299905,
        3.3320822016090412
    ],
    "val_losses": [
        2.848432861935452,
        2.7387266165155277,
        2.746923005184554,
        2.760085846152147,
        2.796021740454847,
        2.82483876605168,
        2.8109005610351367,
        2.800352749007437,
        2.7998615759412955,
        2.8020926930410477,
        2.7916545157542316,
        2.787765739518968,
        2.78975097053801,
        2.7918340016508956,
        2.7893881236805633,
        2.7853105546873245,
        2.781662846770128
    ],
    "perplexities": [
        17.260710717227987,
        15.467276776081844,
        15.594573562501525,
        15.801199362202661,
        16.37935565672381,
        16.85822664850656,
        16.62488320136005,
        16.450448627162533,
        16.44237059388951,
        16.479096402637218,
        16.307979301854274,
        16.24468436918026,
        16.27696585298384,
        16.310906616840064,
        16.271060878440828,
        16.20484958740831,
        16.14584670733097
    ],
    "lr_history": [
        [
            1,
            0.0002
        ],
        [
            2,
            0.0004
        ],
        [
            3,
            0.0006000000000000001
        ],
        [
            4,
            0.0008
        ],
        [
            5,
            0.001
        ],
        [
            6,
            0.001
        ],
        [
            7,
            0.001
        ],
        [
            8,
            0.001
        ],
        [
            9,
            0.001
        ],
        [
            10,
            0.001
        ],
        [
            11,
            0.001
        ],
        [
            12,
            0.001
        ],
        [
            13,
            0.001
        ],
        [
            14,
            0.001
        ],
        [
            15,
            0.001
        ],
        [
            16,
            0.001
        ],
        [
            17,
            0.001
        ]
    ],
    "bleu1_scores": [
        [
            1,
            0.22109640263033478
        ],
        [
            2,
            0.42979720449220327
        ],
        [
            3,
            0.4957682741467459
        ],
        [
            4,
            0.5576771073224763
        ],
        [
            5,
            0.5792495688385985
        ],
        [
            6,
            0.5439672801635992
        ],
        [
            7,
            0.5841995399165034
        ],
        [
            8,
            0.5838041823905927
        ],
        [
            9,
            0.5119794906595789
        ],
        [
            10,
            0.5834703329082215
        ],
        [
            11,
            0.5682802674917656
        ],
        [
            12,
            0.5710098049125645
        ],
        [
            13,
            0.581594836560483
        ],
        [
            14,
            0.5735273025304785
        ],
        [
            15,
            0.5964103529543152
        ],
        [
            16,
            0.5839000375485002
        ],
        [
            17,
            0.5625322944009259
        ]
    ],
    "bleu4_scores": [
        [
            1,
            0.018796398507560277
        ],
        [
            2,
            0.07002846260148633
        ],
        [
            3,
            0.12148701682013205
        ],
        [
            4,
            0.14496089847360638
        ],
        [
            5,
            0.15732045329969557
        ],
        [
            6,
            0.13782258616125204
        ],
        [
            7,
            0.15564571727897528
        ],
        [
            8,
            0.15033908572805457
        ],
        [
            9,
            0.12637213832844774
        ],
        [
            10,
            0.14895913286514148
        ],
        [
            11,
            0.1527864306221317
        ],
        [
            12,
            0.15009854348604015
        ],
        [
            13,
            0.1627678336226371
        ],
        [
            14,
            0.15464621725687275
        ],
        [
            15,
            0.16723012343134622
        ],
        [
            16,
            0.15366885136339412
        ],
        [
            17,
            0.14617069556585618
        ]
    ],
    "meteor_scores": [
        [
            1,
            0.18642557050105715
        ],
        [
            2,
            0.26693470661599383
        ],
        [
            3,
            0.3199312715357861
        ],
        [
            4,
            0.31490579233175225
        ],
        [
            5,
            0.33642628748399506
        ],
        [
            6,
            0.31277802308572356
        ],
        [
            7,
            0.3380631297459473
        ],
        [
            8,
            0.33211621612032666
        ],
        [
            9,
            0.30733001698947604
        ],
        [
            10,
            0.3266320959732492
        ],
        [
            11,
            0.33418392323218565
        ],
        [
            12,
            0.33884998538699834
        ],
        [
            13,
            0.3439355654350399
        ],
        [
            14,
            0.33814605339482484
        ],
        [
            15,
            0.3447644320291235
        ],
        [
            16,
            0.34201109711944117
        ],
        [
            17,
            0.32144927514566446
        ]
    ],
    "cider_scores": [
        [
            1,
            0.03995324116712839
        ],
        [
            2,
            0.061290293281574114
        ],
        [
            3,
            0.06601437851102414
        ],
        [
            4,
            0.05890732548962749
        ],
        [
            5,
            0.07101268686579776
        ],
        [
            6,
            0.059026290357050995
        ],
        [
            7,
            0.06591195956796711
        ],
        [
            8,
            0.06989352687331131
        ],
        [
            9,
            0.06297705628015868
        ],
        [
            10,
            0.06723102622150931
        ],
        [
            11,
            0.07219354936386317
        ],
        [
            12,
            0.07176656931679627
        ],
        [
            13,
            0.07180417506960916
        ],
        [
            14,
            0.07226609874303347
        ],
        [
            15,
            0.07390568410651444
        ],
        [
            16,
            0.07107277688182582
        ],
        [
            17,
            0.06863951037012135
        ]
    ],
    "best_val_loss": 2.7387266165155277,
    "best_bleu4": 0.16723012343134622,
    "best_meteor": 0.3447644320291235,
    "best_cider": 0.07390568410651444,
    "config": {
        "train_captions_file": "data/coco/annotations/captions_train2017.json",
        "val_captions_file": "data/coco/annotations/captions_val2017.json",
        "train_images_dir": "data/coco/train2017",
        "val_images_dir": "data/coco/val2017",
        "vocab_path": "data/coco_vocab.pkl",
        "checkpoint_dir": "checkpoints/densenet/plateau/aug",
        "log_dir": "logs/densenet/plateau/aug",
        "results_dir": "results",
        "embedding_dim": 256,
        "hidden_dim": 1024,