{
    "model": "densenet",
    "scheduler": "plateau",
    "label_smoothing": 0.0,
    "augdata": true,
    "train_losses": [
        3.619611226222478,
        3.2657660793111987,
        3.273890251505596,
        3.2966633572725663,
        3.3279946483645477,
        3.362962836888678,
        3.353384782913048,
        3.3458486538544965,
        3.341830739746523
    ],
    "val_losses": [
        2.8289636294250293,
        2.7183204959420597,
        2.7362055321178778,
        2.7524536418183074,
        2.792609209599702,
        2.8182717314766497,
        2.8029954085874436,
        2.801897963904359,
        2.7903301081693996
    ],
    "perplexities": [
        16.927908144674664,
        15.15484822998636,
        15.428331578619911,
        15.681060425586237,
        16.323555863566522,
        16.747880810263336,
        16.49397905554086,
        16.475887754840066,
        16.286395186611564
    ],
    "lr_history": [
        [
            1,
            0.0002
        ],
        [
            2,
            0.0004
        ],
        [
            3,
            0.0006000000000000001
        ],
        [
            4,
            0.0008
        ],
        [
            5,
            0.001
        ],
        [
            6,
            0.001
        ],
        [
            7,
            0.001
        ],
        [
            8,
            0.001
        ],
        [
            9,
            0.001
        ]
    ],
    "bleu1_scores": [
        [
            1,
            0.347238271319621
        ],
        [
            2,
            0.39027161158198426
        ],
        [
            3,
            0.32535891810835577
        ],
        [
            4,
            0.4746821805645335
        ],
        [
            5,
            0.4021279067837403
        ],
        [
            6,
            0.5607850490655666
        ],
        [
            7,
            0.5699516774701858
        ],
        [
            8,
            0.5794215224636952
        ],
        [
            9,
            0.5680674332010311
        ]
    ],
    "bleu4_scores": [
        [
            1,
            0.04135916598497197
        ],
        [
            2,
            0.08601706477434191
        ],
        [
            3,
            0.05778608128918344
        ],
        [
            4,
            0.11335703674871195
        ],
        [
            5,
            0.084629739871387
        ],
        [
            6,
            0.14457985006695112
        ],
        [
            7,
            0.14312924465326626
        ],
        [
            8,
            0.1504751010034208
        ],
        [
            9,
            0.16110445815321447
        ]
    ],
    "meteor_scores": [
        [
            1,
            0.23594001277021617
        ],
        [
            2,
            0.27957515442487263
        ],
        [
            3,
            0.244969788828885
        ],
        [
            4,
            0.32013708612490016
        ],
        [
            5,
            0.2737628624426635
        ],
        [
            6,
            0.32478434664829886
        ],
        [
            7,
            0.3147787724225469
        ],
        [
            8,
            0.32546921198214485
        ],
        [
            9,
            0.3452467249202953
        ]
    ],
    "cider_scores": [
        [
            1,
            0.04644669780030149
        ],
        [
            2,
            0.06304573503751347
        ],
        [
            3,
            0.06367951391667177
        ],
        [
            4,
            0.06740080535647935
        ],
        [
            5,
            0.06004423835428249
        ],
        [
            6,
            0.06717693322602773
        ],
        [
            7,
            0.06645598997642756
        ],
        [
            8,
            0.06693650334985872
        ],
        [
            9,
            0.07385579415407581
        ]
    ],
    "best_val_loss": 2.7183204959420597,
    "best_bleu4": 0.16110445815321447,
    "best_meteor": 0.3452467249202953,
    "best_cider": 0.07385579415407581,
    "config": {
        "train_captions_file": "data/coco/annotations/captions_train2017.json",
        "val_captions_file": "data/coco/annotations/captions_val2017.json",
        "train_images_dir": "data/coco/train2017",
        "val_images_dir": "data/coco/val2017",
        "vocab_path": "data/coco_vocab.pkl",
        "checkpoint_dir": "checkpoints/densenet/plateau/aug",
        "log_dir": "logs/densenet/plateau/aug",
        "results_dir": "results",
        "embedding_dim": 256,
        "hidden_dim": 1024,
        "feature_dim": 512,
        "attention_dim": 256,
        "dropout": 0.5,
        "num_epochs": 300,
        "batch_size": 32,
        "num_workers": 4,
        "learning_rate": 0.001,
        "weight_decay": 0.0001,
        "warmup_epochs": 5,
        "plateau_patience": 3,
        "plateau_factor": 0.5,
        "lr_min": 1e-05,
        "cosine_T0": 10,
        "cosine_T_mult": 2,
        "max_no_improve_cycles": 3,
        "patience": 7,
        "attention_lambda": 1.0,
        "image_size": 224,
        "freq_threshold": 5,
        "random_seed": 42,
        "save_every": 5,
        "max_caption_length": 20,
        "generation_method": "beam_search",
        "beam_width": 5,
        "bleu_every": 1,
        "bleu_num_samples": 5000,
        "model": "densenet",
        "grid_size": 14,
        "growth_rate": 32,
        "compression": 0.5,
        "dense_dropout": 0.0,
        "block_config": [
            6,
            12,
            24,
            16
        ],
        "augdata": true
    }
}